acheverton0,Aldous,Cheverton,acheverton0@admin.ch,,E05F0889B84138BD8DF42DB442662D20A1223A94E0C05E68DEB1E18283AD96D3
chaddleston1,Cherin,Haddleston,chaddleston1@cdc.gov,(118)-703-3194,FBB79FA88DCA98C100FA2B103C5C172F314A4DCD90F798762D9F0A9AEA4CF198
econibear2,Elmer,Conibear,econibear2@google.fr,,82C355DAB383D779605688848853CE14F3A41E8C18E516440FCFCB45374B69CB
rblancowe3,Rourke,Blancowe,rblancowe3@hexun.com,(195)-625-7483,955C699F88D5546AC4A41CC6226F8E46EB185D7AD73750005F4F3A040CE1AB32
mranscomb4,Melitta,Ranscomb,mranscomb4@cocolog-nifty.com,(737)-309-4681,220514DDC13C01B030CECA103CBE8897EF408F51844865B1DFEB9B2B6B88E74E
epeddie5,Erhart,Peddie,epeddie5@bigcartel.com,(972)-269-4826,C4A6C9809C54C6C31D0FB775C65FBD2306EE5F4301F078855099B83B3E20BA8E
zkrienke6,Zsa zsa,Krienke,zkrienke6@rakuten.co.jp,,3A4FEBE91B4C8C531C1C1A870F1AB429EBA9F10F2D359AC5FCFE68A7DDED1831
wprangley7,Way,Prangley,wprangley7@seesaa.net,(309)-757-2519,870B3D8C98E2A2177D4A8A20FA6B0BC8A1AA7EEA8CCAAE4E88117447242D197D
hcasine8,Huntlee,Casine,hcasine8@tamu.edu,,88DC29CDE111FBE4FC21632BD8EC5DDFECA49A8EA4561BEA91D5BA0334AC204A
gkaesmans9,Georgianne,Kaesmans,gkaesmans9@dedecms.com,(357)-063-8455,0EB0EF55B4CDC48F48D711DB0C3CC67E0F0E04AD2D70192956742458076ECEE8
hmyricka,Helaina,Myrick,hmyricka@cbsnews.com,(136)-363-7771,C1968881A2E4307A222A953E820D540BC16E81ADC53505BAA581004CBD669658
nadamovitchb,Nina,Adamovitch,nadamovitchb@taobao.com,,EF294866D8C307DE12A0579A9E50A6BD03D79AA9427E1C9E613BEA87A91AF8DD
dfoxleyc,Debee,Foxley,dfoxleyc@fastcompany.com,(416)-539-3457,FB941DB23C66DAF7413633681EBC7679CE9D01581D6F308F05A8DDD9BBCEE82C
pbauded,Pat,Baude,pbauded@auda.org.au,,1E2035E172367644BC4CB6DA069179EA18BE413FE7128F9F9CF40E75FAF551D1
pwarnese,Perle,Warnes,pwarnese@virginia.edu,(355)-487-9914,4DF00762629E1E749B527E77717824B099D75181859C4022291018CDEF0B6C5E
ibrabonf,Irma,Brabon,ibrabonf@ameblo.jp,(461)-373-3294,FC74B6ED21C2D1D9647E4E251E505182BE597000A58FCACF08A6FBB6804FE9B3
vsmillieg,Vincenty,Smillie,vsmillieg@newyorker.com,(941)-028-9672,C170AAA8688200E8DF24430521951A0848B92EEAC94364AD2AD2DBE3A37043FC
dmitchleyh,Dag,Mitchley,dmitchleyh@mail.ru,(431)-684-9686,23DBA70C5DBD84BD7A0B39627E40898325EFACF531AFE4A061A41A879C7CB975
iswetmorei,Imelda,Swetmore,iswetmorei@tmall.com,(312)-512-8792,CE970FAA5207360281E6A1EADAC54F3E492C41D73A95BD7EDE5E927CE1909CDA
cetheringtonj,Crin,Etherington,cetheringtonj@tamu.edu,(042)-227-2064,FF4C1E3258C72588CEFD459DE3A95743648D0A2CB43AC72912BCD7BB5A7159F0
dlegricek,Dorie,Le Grice,dlegricek@bloglovin.com,(716)-055-2014,F0DB5FDE52AD9CEE86CD9CA86A84B74DC630BABA0E1B50BB108B78E536618EF4
oprofitl,Oona,Profit,oprofitl@nps.gov,,166C9D99F8DBFF335BB3EFF6842054622325F80D2C1B0419B89EF09C6FF4F8BC
kmainwaringm,Korie,Mainwaring,kmainwaringm@techcrunch.com,(957)-289-2765,55725F31AF519056EABC43EE15E646E8603F36A552F53E258134A8E891C9FFC4
rrosin,Ric,Rosi,rrosin@earthlink.net,,DCC29FA37153F44787139108C2625C71BE68EB2EB9B184926565F4B7953FEE41
tpendergrasto,Tamas,Pendergrast,tpendergrasto@hud.gov,(576)-312-3489,633F34ACF6BC1A7B461659A6D661F1F638260897376A0A11F574445E4FAABCC5
klutmanp,Kissee,Lutman,klutmanp@msn.com,(569)-496-0336,3A37F9FF542E078EAD0EE1EE9E1FD1D627C7B87AADC4F55BB3D0C673E9B8AF1E
bfarbrotherq,Brewster,Farbrother,bfarbrotherq@cafepress.com,,1A9BF41D16A5C00A9B4308E4B5601B74BCEFC899C04498B600DE3E7FAC9CDEBE
ahurnr,Alika,Hurn,ahurnr@cargocollective.com,(607)-781-4612,EE4778232BCDF11E08AE61DED16A2DC6A38BB24755BD43F9876A361CDE861F2A
awilbors,Aubert,Wilbor,awilbors@nba.com,(449)-341-2633,E8FEA4AB17AB1D56C7EE57AAD956D19B77F23870ABB3E74216129921A8E77168
svonderdellt,Shandie,Vonderdell,svonderdellt@printfriendly.com,(547)-347-9735,6DB0477D95CF4B5BAE0CBB84449E7927FB5E686C7A377C8BE42913E596DCB4BB
jpenmanu,Jerrine,Penman,jpenmanu@accuweather.com,,CFBC72ADA7FA61C6DDB5AA8BA86E324E184190DB06A49D5F0CFFC6ED622EF61D
mraggv,Meggy,Ragg,mraggv@instagram.com,(436)-373-0150,28C1B387902BA525A7C8ED87435E34E2B6846916FB0C07F817E56CA5EDACB1FE
krenackownaw,Koenraad,Renackowna,krenackownaw@nytimes.com,(990)-313-5612,75776132E9E86B8E67987C2798C14E1DBE177370C97C60BAA092BA845ECCC0ED
astelfoxx,Antons,Stelfox,astelfoxx@plala.or.jp,(714)-113-5634,D6874F543500E69998B26245E575A21BAB9C753C7CC4B946798852F3E2448951
vrichfieldy,Veradis,Richfield,vrichfieldy@marriott.com,,E01C838B50A4AEC2D525EC471D80833ECAE50D10EE0883A924147DBF697D8DE2
kauldsz,Kiley,Aulds,kauldsz@artisteer.com,(923)-121-1375,C1A06B35CA65C0423C1526422375C20E62600864F0346E9DA51A7E655AA06B2F
ebatterson10,Elton,Batterson,ebatterson10@aol.com,(212)-449-9692,88A53210144631B9531F44E11290A822906CF86A147BE2D1E23F101828DDF440
auppett11,Anselma,Uppett,auppett11@reverbnation.com,(146)-157-5314,F4B56191B1988C6670537CAC0671C7F292380012794B12D33A295E718D71880D
mtenniswood12,Mel,Tenniswood,mtenniswood12@netscape.com,,A22988151874AD2AFABDE954CAF26BC9F3AD6031352E5833C0533DAB232C05D8
djendrys13,Dill,Jendrys,djendrys13@bbb.org,,B3EB92C3E9DCAABC06CD27D09EF979EFF59B4B2FD582FAFB0C9BB288AA66F23D
ccorpe14,Clarice,Corpe,ccorpe14@godaddy.com,(587)-221-1208,D88FDF73184774DE1CF48E3739384CE8DA07C9D55F112701D09BE66035378517
flepick15,Fredrick,Lepick,flepick15@posterous.com,(207)-965-7221,0BFA7BACAAFD944F95684110982474A40D742F1ECEE47D644DF45FCC33FF4397
lbeany16,Lyon,Beany,lbeany16@bloomberg.com,(607)-234-4523,F63D60F96A32DEA4A7F715B2A63AFEA2797D65FC05DBC3FC539FBE065FDAAB6F
cgoforth17,Chester,Goforth,cgoforth17@gov.uk,(035)-331-2662,B72E6F93EC2C3931F57DE3D83D80EC57D56BABF931E4157A07CD4E69B16DDF83
bturgoose18,Bret,Turgoose,bturgoose18@weebly.com,(845)-387-4516,7E440BDC2655954C30DA3062B3734FF8509AF845F1D2680AE4BC67826E42237D
mescot19,Mehetabel,Escot,mescot19@china.com.cn,(233)-054-9987,7076189DE7C4D1D3D5250314512BFCB1B47ACF2EB2708DD68C280FD4E2C76A6D
gnode1a,Grace,Node,gnode1a@cargocollective.com,(803)-373-5825,DA2FFF324AF986340A8ADF3D9632C9734C6E87E2B66426575BDF997B481D9D9A
mketteman1b,Merrile,Ketteman,mketteman1b@ted.com,,083364C2F0F85F09543A3E07B52437CED4984C3667E8C68C3CA3F3677F3B27F7
skopje1c,Salomone,Kopje,skopje1c@psu.edu,,6272F1A3FFA755C54FA732A79A8C1851DA9F153BD23D34A479A4203D26104537
bbaxstair1d,Bernete,Baxstair,bbaxstair1d@economist.com,,BBDA14B1893D6BBA89C41E2737BADFC6E35440D36FF5BBEB3CBF27E8EBF226C5
nfarman1e,Noemi,Farman,nfarman1e@indiegogo.com,(429)-499-4335,F8B0CBC795D73B7D6C999239DDF359D4E863B9F9D346813179B672F230BF83B1
mhunnaball1f,Maxi,Hunnaball,mhunnaball1f@chicagotribune.com,(749)-019-4209,BD39601132868AF8BBCACCE72137784466E96E490ABAE36D8C8ACDC735A7EA4D
kwhyard1g,Karola,Whyard,kwhyard1g@shop-pro.jp,(325)-698-3122,75DB6209E61077592A398B5BB8BADCD8B19A33FEBFC661E863456CDBB3AE922B
adipietro1h,Aubine,Di Pietro,adipietro1h@prweb.com,(627)-088-4496,47936CACBF07169ACD76873482F2E6500F8361263BC34201F7258FF1BA07582D
shargie1i,Sylvia,Hargie,shargie1i@unesco.org,(432)-494-6841,5FD03AB3868302083010ED8438F24C0551153D3CE353E4A239685C378606F7D3
bflury1j,Brier,Flury,bflury1j@npr.org,(100)-644-6524,8EB74026E31125A8543053E386851E20AEFE6DF8BEF6C7FAA29A83EC26B7AA05
eaitken1k,Eddi,Aitken,eaitken1k@php.net,(802)-148-4801,8C826ACBD3BCF47CA08AF62B7D814131713D62BFFA21ECD552E71A4EF9DC8131
ckobiera1l,Clint,Kobiera,ckobiera1l@addthis.com,,D94A1DF4EBB9356B37EA67E42865E91488B204B779BF02D80BF96ECD34C64C3F
erosbotham1m,Emery,Rosbotham,erosbotham1m@sciencedirect.com,(513)-776-2936,16BCB305B26AEDB163D095A3118A18EFF228A82E46C26F5E0F54A7DE5648E03F
rsparrow1n,Reinold,Sparrow,rsparrow1n@vistaprint.com,(010)-702-5988,5EF5D002F2EFD90FF4BFCB47C3F0834606AB2A102EF9B62F92AE30A5DA3C6A3C
afeehely1o,Archaimbaud,Feehely,afeehely1o@hp.com,,7DF16A019CA1FB8E7282B85D37B1CDA7AFD713B1656A57D53D7525246BB3FAD3
nderrick1p,Nani,Derrick,nderrick1p@etsy.com,(922)-190-0765,E8700155F18A7F767817A85EFBBAA5758D231A43632CD184E24E30622568CD6A
neakin1q,Nicholas,Eakin,neakin1q@blogger.com,,8CF7A381611AF3EFD6F8B4EE34DB63B322C211589F021924E59DCA088CB18179
bprendiville1r,Bonnie,Prendiville,bprendiville1r@gmpg.org,(935)-543-3572,70514CCFCF5B9601248454892FEF43157CB01CFB39191AE3394EF4B2634B0C16
mfulcher1s,Meredith,Fulcher,mfulcher1s@howstuffworks.com,(674)-734-6799,0DFDC58DF3F008363261C71AA809C128DC61C3F2FEC208A8502347D2F30AFA63
cheskey1t,Carmita,Heskey,cheskey1t@walmart.com,,7CBD0CB9A384963876276A1EEEB1DA43851B7B1207C7C38BE31546D054C781AB
zgeockle1u,Zora,Geockle,zgeockle1u@yellowpages.com,(901)-130-9029,C91518076A52FD77E3E384A8A32D71367506F595DF0D1AC24AB5EC27ECF24BA5
mcrispe1v,Margaux,Crispe,mcrispe1v@cdbaby.com,,D4304B5ABC313F9787853022C7B7197956689046ED0A7A8C06CC65EFA98A83B4
mvarah1w,Marv,Varah,mvarah1w@t-online.de,(000)-528-3004,221369AD220B9BB651C9B39C47CA5871C773FE8075039BA97C51B38B30232AA5
plambourne1x,Paige,Lambourne,plambourne1x@ezinearticles.com,,FC9C73A393ECEE37FDEADA497D30C486EA11B3AB7248FAB7C6465D399CF11641
dlautie1y,Darryl,Lautie,dlautie1y@spotify.com,(115)-472-7586,E83BE267F9277B281A90674770E0E0CF3DCDFBE7C720DBD8B2AD91330AAA1254
rgartrell1z,Rosco,Gartrell,rgartrell1z@theguardian.com,(598)-145-6159,3F8D79B481161966A801D8F8145C6BA072A857F5049FBD8959D113CD0A38C921
aenright20,Alexander,Enright,aenright20@pbs.org,(154)-168-1239,F4F0A86DEB2B236D445F0EF6D634FB3EED8CE2C27A16154FC6C99ED8586393BB
rluebbert21,Rogerio,Luebbert,rluebbert21@twitter.com,,AD7072F8C668D6FBE106471512A09B27FA105C3E358641D1705D2B963817614D
nabethell22,Nicole,Abethell,nabethell22@xinhuanet.com,(308)-886-7552,B55F2949BDAE1DEA38C6D6D9909C72605591EBE33CE4352995E7097FEEC932F8
bbahike23,Bay,Bahike,bbahike23@unc.edu,,A2E6E23D4565AD330F342BFEF90DEBB5D9B32D6ED60FF8BA56BC5801B6A0DC17
gtorald24,Gibby,Torald,gtorald24@list-manage.com,,FA63DEB306720FB662A29D4CB85215F2BF5338088FA1D911124EA32504F825F7
jridgeway25,Jordain,Ridgeway,jridgeway25@altervista.org,(377)-254-4251,38F62B2267F3500E91828008DE4038902F630B946410121B3CDC9B1841BBE43E
hwindress26,Helenelizabeth,Windress,hwindress26@alexa.com,,55357E9891AD47AC2D11A8527E1C769C2C08A51E559A385D482A74B7519587CF
ddelacey27,Darleen,De Lacey,ddelacey27@exblog.jp,,318955A310C0B1F32603AE479BE661934AF7DF9AD07682C85B77951E9D2EECBA
ohadlow28,Odessa,Hadlow,ohadlow28@yahoo.com,(903)-369-2044,986EBE603FC0218DA084A46B34BD1F81FF9C584C2C005BF0921E58FB5430466C
mhabeshaw29,Melita,Habeshaw,mhabeshaw29@mlb.com,(760)-393-6202,E4711C70DDEAEE0FEB441D31179AED99527A1D28613CC21EFB96C1A9D8549345
sbrandham2a,Shanta,Brandham,sbrandham2a@posterous.com,(811)-878-9169,0E1A055DADE4A3A0EE984671DE3797FC5DF90301C9F1EABBBB7B991D1EC29A7A
bpolak2b,Babita,Polak,bpolak2b@boston.com,,DEC2153C0A381CF6878ACEC54422492B54E88E6F9ACD52CED7FAB660B7D7201F
jsummerly2c,Jereme,Summerly,jsummerly2c@myspace.com,(422)-011-2599,E6FE49457501753C57984DDF8D397CCA4022F8EB76CF4C45F34EE7C2EB80C47A
eadamides2d,Early,Adamides,eadamides2d@bbb.org,(943)-428-4888,823B0F79348C036A64E7EEB96FD3FF7F13A01B2FE70707652E50D01ACAE1C330
maujean2e,Merle,Aujean,maujean2e@alexa.com,(592)-408-1345,D1C7A1C56D43DA3F542DF0C0E30A8FD95C63C92A215E989ED5C5E9DA0D633596
qbasill2f,Quint,Basill,qbasill2f@smh.com.au,(702)-802-5075,F68367C6D0E1A5720173C0A121A88FD312309584110E3B1FFAFF89EACED91B0A
sofielly2g,Sidonnie,O'Fielly,sofielly2g@psu.edu,,23F2C3E7F58438D4640662267B68A0E2E97675224FCA8A8E4752450166B88E7F
twhitechurch2h,Tris,Whitechurch,twhitechurch2h@icq.com,(097)-038-8123,F09D653CDB2C154549E346870B0FB635B1EC05A50FFB2D2A0012797C61DEDCCE
mjolly2i,Mylo,Jolly,mjolly2i@nifty.com,(945)-060-1205,4CAE1FA1047BDA682690919C09B09411E3802064D46E90393E912C49DF279FE1
mjorioz2j,Margarita,Jorioz,mjorioz2j@printfriendly.com,(050)-232-9586,71071A836C51C33C484E6C537391DDF46B31109D3E2C981CFF9E9292000BA8D5
sbartosch2k,Sherlock,Bartosch,sbartosch2k@macromedia.com,,59224FE49DF9512C525469CDA28E73617359BF321D77AA9A6358E4BC645DD490
afihelly2l,Andie,Fihelly,afihelly2l@moonfruit.com,(880)-852-3249,CCCD06CA97823F8D51DC2EEA01B41D50B23E6CDE6AD9F814F8A0E9DDC002D00F
sscamal2m,Sandi,Scamal,sscamal2m@sitemeter.com,(153)-036-4532,CB4CFEE1DA96B1F6473E5E5C5D058095761013A2CAF7F0A7694B3C7F5283316B
sbergeon2n,Stephani,Bergeon,sbergeon2n@facebook.com,,3A6CB3AA495FD43C8A48628E9CC7EFB36A4A50677108C3CFB88C6E88B9AA2358
mfurminger2o,Micaela,Furminger,mfurminger2o@europa.eu,(718)-468-0071,17F97F411388F5F3E49B492FA2F4CC6CD41DAB61A6E343624197516C0AE73CDE
molooney2p,Miran,O'Looney,molooney2p@shareasale.com,,0649C6BED60EB89025A36B066887B48FFB05E921EADB8948EC01031A9384D937
mkynnd2q,Malia,Kynnd,mkynnd2q@fc2.com,,8C37462410272B94DFE9295EA7B679A26C1A355FA14D80711524A8959E170108
jolooney2r,Jase,O'Looney,jolooney2r@facebook.com,(087)-471-4449,09DD95F279208B1D8DC20CC5479BB9A568D623E56AA6CD434AA493FB0B00CFEC
cpinck2s,Cherilyn,Pinck,cpinck2s@flickr.com,(166)-113-9331,52919FD70537BAC888EC08ED20ADD8AF925CF12062524F163528A02698C72BFA
jgianasi2t,Jemie,Gianasi,jgianasi2t@zdnet.com,(018)-638-2839,850511ABFA0AB83F00A4F0EB0DDAE95F4759F00F01042E7A0E48813041876F29
jguyonnet2u,Jewell,Guyonnet,jguyonnet2u@msu.edu,,00F934E3D1AC487491B9F7BF14F170CBBA1FBEC0579466C576D00EEDB88B366B
hschoroder2v,Hall,Schoroder,hschoroder2v@uiuc.edu,(730)-442-4494,8E9E5E597CC3C65DB674F8F53B65B263C06CBC278DC57B85B19234290357E8C3
drogister2w,Dion,Rogister,drogister2w@macromedia.com,(614)-493-8358,FD25CA1C2EBFD13EAF883B74AD3B845B4DB65C0C8720696F3329A29AD602093D
pbachellier2x,Pepe,Bachellier,pbachellier2x@icio.us,,79B048D314B5343CDEC8E11FB2D29873F1FCC17E6030097212885F59C271B41C
hfreemantle2y,Ham,Freemantle,hfreemantle2y@discuz.net,(204)-221-7019,0B54AA687F6DCD8B579227CA1DE6B3055EA3C29681F0B02826A3505EFA3BC379
vtremathack2z,Valerie,Tremathack,vtremathack2z@xing.com,(080)-979-7749,DC62BC60B95704F07DA5534E9D7BF9B1CBB010E1F0EF2565721A6A1A841BF772
kfideler30,Kelcey,Fideler,kfideler30@imageshack.us,(081)-653-1155,EA5744AEEB43C0118CCA7E4BF704D3FC632A96E0CDB7E1A19DF4B1BAD3CF0C11
ibeebis31,Igor,Beebis,ibeebis31@yale.edu,(021)-505-4693,59D036DCFF031B956A1BEDF36EAFE20A00C4398DA0D735BC503C87F6BC7996A0
tscreach32,Tracey,Screach,tscreach32@t.co,(202)-560-8077,105C87D931A441BDC0F2A9732B6982E26E4B070E22C1F354A368165865F9E5B4
cpilley33,Casey,Pilley,cpilley33@weebly.com,(205)-492-6481,FE9AB89AC6099503193EB2C059DB9B927D20B3FFDC3F60CF05917E7F38DC8923
cwhysall34,Crin,Whysall,cwhysall34@ihg.com,(237)-772-5024,09B771C9148423E55E78461898FD4755C91BFF1ED4E37CC934E3CC004C0CCC8A
scroci35,Silas,Croci,scroci35@fema.gov,(796)-581-1101,61AF3795F1620EA0798B41660648C444C19E4C4631CBB4FA7FD50466EA715215
tpython36,Tasha,Python,tpython36@berkeley.edu,(773)-160-3646,69D0E4099BB092426A2DFEB3244A7A050C752D446658A35BAEA9823B31935E4E
kbramham37,Kathleen,Bramham,kbramham37@cmu.edu,(362)-830-4837,08C07BA55262B8084FE498F5A78E56A3BB3EB6D692A4A5BB7D12C850348501F9
ndevillier38,Neel,de Villier,ndevillier38@java.com,(686)-862-7399,D4F61844B3A0EE04D9393A97334DD7BDF2AFCBDED8FC7E66F1220DAA5A00AD52
lpreshous39,Luke,Preshous,lpreshous39@nhs.uk,(886)-081-7736,E85EC6F44F2BAEA05E80BC57027C23995DCB357C61658EB3E1288BE09C5B0510
dczyz3a,Demetre,Czyz,dczyz3a@naver.com,(441)-703-9924,8F81069793E0C8D59F3E29032091984D06E834DB4FFD825E4104A9D71BF9E35D
dspick3b,Dana,Spick,dspick3b@wikispaces.com,(845)-977-6561,F90F8772519364E5EBC7BEDE824B9F6EF4289D0683DAC4788917AA692F7304C2
dyuryev3c,Dacy,Yuryev,dyuryev3c@rakuten.co.jp,(085)-055-6315,85C305989E6ED37961132F6A1B8091FC0A12EBD9A688AA5C62B9760D1E023387
rdefries3d,Ramona,Defries,rdefries3d@topsy.com,(260)-979-7547,61A146BB29A9B7C5EA122E20C39C83FEE9F88E7963FB866C8512DD9064BDC27A
asnasdell3e,Angie,Snasdell,asnasdell3e@amazon.co.jp,(082)-257-9472,2F52D592D1694EAF953F722BAF233734273D58A94055C82AA103E680FC63E6CB
scabotto3f,Sheryl,Cabotto,scabotto3f@soundcloud.com,(374)-961-4438,23BEC94A9DCC966A0BE4672CE532F40AB1B62E5ACBDABF1A5B90A42B75049220
carundel3g,Cassie,Arundel,carundel3g@cbsnews.com,,5A4AB54A53D72BEE96F732621C6425F6061131569D4AD7BA97A05F7BA100AD0C
remes3h,Rosetta,Emes,remes3h@ftc.gov,(360)-319-9157,879D086A3EB1067DADE839B0CE7864BD0576D79534F50F54A481185749A47398
eswane3i,Ede,Swane,eswane3i@stanford.edu,(339)-556-8526,D4936FC29E01902439D9EB685C9516826BB641654433A6FBFE62312354D0C5D2
fstachini3j,Fredi,Stachini,fstachini3j@studiopress.com,(461)-480-0495,A2A95BA56E5AE4292E41770D2BE6854432275297EFA1A42DDBC310C0CFDD0827
ehorbath3k,Edan,Horbath,ehorbath3k@loc.gov,,E6D997CF01086D644AB2AB4DE6D60855B7BCB90D4312022E46ED067B9DD34B12
krodman3l,Keir,Rodman,krodman3l@cdbaby.com,(478)-322-6123,AAF57D6F7B527D9965265FBDD9F5184B99892C4F129D3D8E8BAC5A47DF8FEECB
pgilhouley3m,Persis,Gilhouley,pgilhouley3m@marketwatch.com,(086)-124-3541,6A68352BAE5F2586A31B50984086FD9F14EF561CC2DB38742D3BD39B7E03E975
stesto3n,Sigismond,Testo,stesto3n@salon.com,(165)-599-2193,0BD0A201F325EFD574AA1099960262501BB1F4B23872704F193FA1AE086F8C50
ctrump3o,Correy,Trump,ctrump3o@parallels.com,,8F01DB7373841B122FACA6A4D0F2532BF539C33FC57B4409EF1922AAAB5E09D3
lclaffey3p,Lynnea,Claffey,lclaffey3p@cmu.edu,(751)-970-7997,3337A5B32AC16C67FBA31AC42DB3C8F5FD575B998F898B947B7A6AD94DC5495B
tmessenger3q,Tracee,Messenger,tmessenger3q@shareasale.com,(281)-563-6813,1E167049E5784CCB7C679631CE386C8F8EF2635A347C00331B1F097AF7817344
ksemon3r,Katina,Semon,ksemon3r@yellowbook.com,(614)-555-1764,EF33838DC11B0DE79F809D471F72A7F3FCF30D6075C69CFDE9C09A2BCBD1B1EA
bandreazzi3s,Berte,Andreazzi,bandreazzi3s@salon.com,(068)-581-0465,DD5454D1CDF83508D744351706AB634A0B811F7A96DFCC2766E9854B1328225E
cmacgilpatrick3t,Cris,MacGilpatrick,cmacgilpatrick3t@comsenz.com,(280)-666-2104,1E8F704ADF0E2F7410D5AF91355360A3261E60C00B7BF3B128877550BABEC181
vissacov3u,Valentia,Issacov,vissacov3u@prlog.org,,CA0047FEB62B9452E1116A1CE9548C56547DB9BF97656AC91E14764E74D42EDF
jeastwood3v,Jackqueline,Eastwood,jeastwood3v@cafepress.com,(920)-763-6785,101FC9B5770B4F9F826E07182ACA063F7F47DACA82C8D8693FF6F678A1A72A28
glantoph3w,Gloriane,Lantoph,glantoph3w@state.gov,,D7D5A3A158954B4782D972A3CDF2B49B1F4BEDEF61CA122CBFD597C54066D8D0
bswiffan3x,Britteny,Swiffan,bswiffan3x@miibeian.gov.cn,(068)-149-9719,82388DE8AFC336D9D86A91E5D87E6AE06783D338AFDD135FD43434AAEE93B706
bmaclaine3y,Bobinette,Maclaine,bmaclaine3y@seattletimes.com,(749)-522-4282,B8E250F6DC624EBA22C059E2F252BEC947551F1C889C406944C6463452796822
jsackes3z,Jori,Sackes,jsackes3z@engadget.com,(417)-505-1992,B4DBF37CA0182FA9BB9BC9EE0B9BA25A19C8508BB4D4F240B8624F60BE0A5E3C
aalekhov40,Austin,Alekhov,aalekhov40@wikispaces.com,(269)-289-4670,A9AE4E71DC4760E81D854BDC352419F8EA9A6D42E04120A730AF92995618B5A8
jbugden41,Jacinda,Bugden,jbugden41@oracle.com,(511)-892-5628,921531ADA961C4EDE6DEBB4DFA35A296016DBFDB7DD07A34B17112D1689D9784
amicco42,Alexio,Micco,amicco42@networkadvertising.org,(944)-634-4588,A008171B77B61E4164E13393E5A23F53C6DAB9268259D30649C5EDD5982C2BA3
nswinfon43,Nananne,Swinfon,nswinfon43@fc2.com,,219B3EEAB5D13EC21D2638AEF88984DB2FE337D77192E67A848C754E93E6ED09
acrayden44,Anthia,Crayden,acrayden44@prweb.com,,1E15AD4738A6A449D045CDE83EA85AD3A7D10E12A5112D7FA098710EA0930119
gheeks45,Griffy,Heeks,gheeks45@cargocollective.com,,2541B448DEE3E0888CC75B8B1919957241724418A7A04201B7B31A667E91E486
lnoble46,Lynelle,Noble,lnoble46@abc.net.au,,404E5C6E8D72D00A16A3575A4C0E1928F7BCD037E82D890C20825C2624829CC4
sseefeldt47,Sarine,Seefeldt,sseefeldt47@t-online.de,(337)-736-5588,87DC2F115E162AF1AB452F0CED61F3344CA961229B4DF058E0420BCDAE6D844D
rdowers48,Ray,Dowers,rdowers48@sakura.ne.jp,,D3370CDEECB9B583D17EE05E619303CCCC40478857B64AB19B5811F839C05823
lstollmeyer49,Lindsey,Stollmeyer,lstollmeyer49@wordpress.com,(194)-436-5422,F35279E36A17B233370C66E5F36E0B2CF3E3A32334B9CD9DE1BF39E6F3834798
bjurewicz4a,Barrie,Jurewicz,bjurewicz4a@sciencedaily.com,(266)-090-6782,17201EBE922F8CEACE990B3060661F776D440991321FBEF6A9E86E40AB016921
ggentric4b,Graig,Gentric,ggentric4b@java.com,(455)-079-5756,434A7C8BBA9CC91FC3C6F7CC17D3FDB0D7643501C22D488410EC467E3FAA5873
cpackington4c,Cchaddie,Packington,cpackington4c@tinyurl.com,(675)-105-1765,BAF82979D3175A7CD0105219695D590FCD2B3C7E2225F75A4D7AE3E57570A438
hravenshaw4d,Harland,Ravenshaw,hravenshaw4d@acquirethisname.com,,9625DC99D8EA6980B4EE141F3037FFEA31E21007525951C069A67FA765B38FA5
deatock4e,Dan,Eatock,deatock4e@globo.com,,7AD3DC1ECB7B543EE510170331E8E4F6FFB66047E48DD2DE69AC1289F102D9BE
dponder4f,Donalt,Ponder,dponder4f@baidu.com,(516)-666-2976,51CBE3EFC08AE33F4348F44534815C99CB1FBB3B3E7ACF1CE83E533519D4DFF1
kmcardle4g,Krishnah,McArdle,kmcardle4g@github.io,,965734F0E67F882887DD71A391B78E518478E241AAD46756E302770B53AEEC35
jkey4h,Jan,Key,jkey4h@ovh.net,(607)-161-5463,3BC9F7358A3AFDC4D0E3385FE5E87B146DC1C9F3FCA3ADA11A19B389AE86B4E7
sfulton4i,Sibylla,Fulton,sfulton4i@howstuffworks.com,(622)-800-2456,1DCEECC0749DD214D86CC3EB145DA56B865F1271C4A6EDB0EDFDD694F27A392A
atassaker4j,Alie,Tassaker,atassaker4j@google.ru,(007)-781-5666,8AEC319E4F43C1731216FD601AE68F741711DEC265A9C42B2CB076EFE7120B26
kedel4k,Karee,Edel,kedel4k@bloomberg.com,(127)-359-0560,3BF788674AA88F9D99F4BF7C49672A41D4E95BEA315537E5A1FF13863C5EEF7C
aedmondson4l,Alister,Edmondson,aedmondson4l@moonfruit.com,(490)-709-0495,ECAB94068BF46F821C9B65C559A0C1A16CAB927D9258DA4F400B7A6A29324400
smcbay4m,Sauncho,McBay,smcbay4m@technorati.com,(538)-063-6074,C9AE800C83566449AA2C27F115DE5DD299BE5E2438764AF6A438C7DFED00ADA2
tfeehan4n,Timmie,Feehan,tfeehan4n@japanpost.jp,(737)-718-5385,FED9DFF8CFBDB4459E996D3F79297DF304938E0EDB0A46BCE6A2C4EB1BBA5166
dkinzett4o,Dollie,Kinzett,dkinzett4o@quantcast.com,,6001FEB3ECBF029C793B46889E51B3087CCFB24A63FE2238DBCE30C26145EB10
hmccague4p,Hildegarde,McCague,hmccague4p@dot.gov,(355)-157-6544,63C01FA36FD0F58637CE57734BDED29A9672C0C36EBE826A09EB8D7227A48391
alequesne4q,Alejoa,Le Quesne,alequesne4q@fema.gov,,BAA105293DE3C74AD6D7E8A3A91F915A8F128B4BE0F53C8DD15C6AFB73151E63
msings4r,Marna,Sings,msings4r@furl.net,(411)-659-0664,673B095E3A654C9A7CBC48B1D7082D1BA7015D1C6247D6852FFC85C1DB9FCD7C
cschinetti4s,Colman,Schinetti,cschinetti4s@rakuten.co.jp,(288)-883-4500,B2070CF907662D821AB5B96C6007C6371DA58CB2EF7E09B41305360580F711C8
ccriple4t,Ceciley,Criple,ccriple4t@who.int,(663)-623-1289,5D3D2BE98FD1B15E915A9A0DB6139CFBB5FBF1859A6ECAF5FBDDA59E1896C6FD
mfaires4u,Maura,Faires,mfaires4u@is.gd,,6C83623B06E3D0EB52C3BE776DF61B30844E6428C7235FF3D7A1BD685C2CBECB
jivanichev4v,Jeanne,Ivanichev,jivanichev4v@last.fm,,73B2062CC8CC482F987AC83F00A80C0A8C9B386F21C76FA66BC549B076D2575C
grubenov4w,Giavani,Rubenov,grubenov4w@creativecommons.org,(604)-399-8107,7952578C4B37A3D3D6D351209F7D27D5C257FFF9273C08F02E9B152A2E774836
cwattingham4x,Clayton,Wattingham,cwattingham4x@comsenz.com,(308)-219-3485,2D0BFBF72FF91165D39402E538A2EF2D98598FF133929796CF1584E51210157A
phockey4y,Peggy,Hockey,phockey4y@ow.ly,,6CFC06FEC7C8EB3914E905D48DC332897AC35EFC345A377988644F9733F39BAF
jsirmon4z,Jeffy,Sirmon,jsirmon4z@github.com,,60A7C1FC579E4FF29BB22476DB0B3547CA89EDB193A56DBEF9B3E60165A81999
fstephens50,Frazier,Stephens,fstephens50@walmart.com,,3739B0FAB987921C4606AE34355AF5DD7B713B9B7E9FCFCEF6746FC3D519210C
rlebarr51,Rod,Le Barr,rlebarr51@chronoengine.com,(475)-760-7451,56403276D49E48A49D8BC07AD9289A9CCB5CD72340B20E9C52F005FA042D31E0
tollie52,Thekla,Ollie,tollie52@admin.ch,(173)-874-5603,AC3EBA21133BEC8620E19BCBDEB167F52C1C1F1270D787E92B1FBB457E880CDF
abitterton53,Anestassia,Bitterton,abitterton53@fema.gov,(473)-420-8565,D0D2E6BA212682541FDA5C03A26C26E1BEE2262CD7A1290CF512560CD0F35E5D
csillars54,Crissy,Sillars,csillars54@ihg.com,(911)-120-4547,CE3418AAF5811BEB47780D1C9DDCC5FC9BE07D6B8AB58473403EEBC5F9994515
ehugill55,Elsa,Hugill,ehugill55@netscape.com,,12D9E5C18B3FCE06C582CAF125E99304009241F2E1495EA27A4097319574CEB2
isamweyes56,Iorgos,Samweyes,isamweyes56@boston.com,,423D301E370D3B97C284162B45AB3D9AFB25CCBF2F66C0E1B0071A23ECDDC5B0
mmuck57,Mariana,Muck,mmuck57@paginegialle.it,(660)-320-7439,38F2207C558BF48446AD31C9C328D3AA765DD3CD073653DE468D476565D6D03A
kfeld58,Klara,Feld,kfeld58@sourceforge.net,,A6E145C912505D7197C6E693D4645D7B69CC1796451A2093808E516168C7332D
rjoan59,Raddy,Joan,rjoan59@sohu.com,,0F14C9DEF139B7B40A2D8B28B1F2A255B85EC9A6E2B6EC4C714CB4268125EEEB
bbeminster5a,Bernita,Beminster,bbeminster5a@rakuten.co.jp,(315)-380-2263,78EA1C75729DCBD999848DF9FDFBE2450C7417F66901528CFF1A6616D1750583
tramsbottom5b,Theresita,Ramsbottom,tramsbottom5b@sfgate.com,,40F42C195D7A480B357EAABEE9591C2A02FE48A5776E6445D1022F7A51A42804
ekimmitt5c,Ellene,Kimmitt,ekimmitt5c@constantcontact.com,(044)-283-4839,FC57609604DB67562F5D0C309E23D650717564E20300CEE022A1146FDF9FDFAB
smaleck5d,Selene,Maleck,smaleck5d@mlb.com,(913)-290-6324,4DAC3E600998C83280F4805A114ADD3429D121F81CDDEC6C3941C9EE0FC5AAAB
marmatidge5e,Marcelline,Armatidge,marmatidge5e@indiatimes.com,,A7EDB1D11B5A0BF6A9095BD6723E8C3A920753C2A23CD4188335D06F79CD528E
kdegliabbati5f,Kris,Degli Abbati,kdegliabbati5f@myspace.com,(293)-558-3803,FDF885523F1F24A0C87EC7FF322856CDD857BBC68F0C6651DB6AE00B8008B3D0
kdancey5g,Kev,Dancey,kdancey5g@salon.com,(266)-266-3979,92D3068A7A6ACA8A65ACF81D9236FA74362BF05FB546EF0C1917110CE7CDA35E
dstoyell5h,Desmond,Stoyell,dstoyell5h@pbs.org,(692)-830-2192,23A30C9AE22AE3857027AF559AF92CEB462B13AECE7F911056AADEBF36638C3D
mkeir5i,Marilee,Keir,mkeir5i@msu.edu,(296)-222-1763,30A502EE0DDE634CFD80037B0C4983E0B9B1BEB8401DF25070A08107D6D86533
uleatherland5j,Ulrika,Leatherland,uleatherland5j@smh.com.au,(230)-591-1158,4B3C454FFFB2342C5DD5D7983519CBA1B5D1C3C6B99797F70E870FAA59AE04B3
tsheringham5k,Tully,Sheringham,tsheringham5k@github.io,,ADCA8B82B2743D734A3BEBDBB35556D824AF8908D249EC4DDB516B112D675721
gkreutzer5l,Garreth,Kreutzer,gkreutzer5l@rambler.ru,(464)-876-2305,644D6AD28497FFA14BBD7404207B1C8846438F44B6FC7A62D9F5D4EBAACBEED5
dbraunstein5m,Der,Braunstein,dbraunstein5m@usatoday.com,(617)-693-4733,29CB742FD3FC89EE5F73CD0BCB82B89917A24DD48C53A36DB1E8056568D1536C
iborland5n,Ivar,Borland,iborland5n@netscape.com,(286)-160-5090,3D2781F1429A334845608FCADE71DA38A21B2AB2D40732042CA6F243B6601AF3
bruddlesden5o,Brittaney,Ruddlesden,bruddlesden5o@ask.com,,80F863CB2654B1473AB7AE56947996E0A9F70E78D9CD55AE6733F20FD4C1ABFF
mmcilroy5p,Monika,McIlroy,mmcilroy5p@wikispaces.com,,A5026124B0DFA1634F92454BF832BD63316C3295641C0EFD63E20E72D1660E1C
wtassell5q,Wiatt,Tassell,wtassell5q@hostgator.com,,20C6A4CC4C61161A6F2476743C2BFACD1D3267FD688879F5095C5BAF4E81BC76
vconstantinou5r,Vicky,Constantinou,vconstantinou5r@sogou.com,,76FB67342D1BD3A259CF8B046395F67B8AB4E2B65A98B4B6A644A8075E0EEC7D
